{
  "allFiles": [
    {
      "file": "/storage/emulated/0/AndroidIDEProjects/AfroTesoStudio/gradlew",
      "selection": {
        "end": {
          "column": 0,
          "index": 8683,
          "line": 249
        },
        "start": {
          "column": 0,
          "index": 0,
          "line": 0
        }
      }
    },
    {
      "file": "/storage/emulated/0/AndroidIDEProjects/AfroTesoStudio/Gradle wrapper",
      "selection": {
        "end": {
          "column": 33,
          "index": 81,
          "line": 3
        },
        "start": {
          "column": 0,
          "index": 0,
          "line": 0
        }
      }
    }
  ],
  "selectedFile": "/storage/emulated/0/AndroidIDEProjects/AfroTesoStudio/Gradle wrapper"
}